{"Corp A 1y": 0.024374833885919368, "Corp A 3y": 0.0036826777110774344, "Corp A 10y": 0.056115066076481555, "Corp BBB 5y": 0.028057516425037246, "Corp BBB 10y": 0.056115067092773994, "Corp BBB 30y": 0.05611505892343997, "CLO A": 0.04876978068425908, "CLO BBB": 0.04876977970651334, "MM Loan 5y": 0.017073952585046195, "Long Dur PE/Alts": 0.06096222587946581, "Real Asset - EJ structure": 0.24384890493334388, "USD Corp A 25Y+": 0.056115036368161855, "Securitized 3Y Fixed": 0.011989379795630289, "Securitized 10Y Fixed": 0.13801060652652208, "Securitized 10Y Float": 0.14999986691983597}